{"resnet18_pretrained": {"test_acc": [76.74914675767917, 78.12855517633675, 79.43686006825939, 78.3703071672355, 77.51706484641639, 77.85836177474403, 79.39419795221842, 74.26052332195677, 75.4835039817975, 75.31285551763366, 81.88282138794084, 82.08191126279864, 81.6410693970421, 81.41353811149033, 80.93003412969283, 80.78782707622298, 80.06257110352674, 79.94880546075085, 79.0386803185438, 78.85381114903299], "train_acc": [75.25500521871146, 78.57481734509916, 80.18668754151248, 81.21145269949712, 82.15437897333713, 83.10323560110066, 83.9678812031502, 84.96418066230193, 85.81815162728911, 86.65788974285985, 82.91465034633266, 83.5658032071354, 84.43756523389315, 84.97841351171837, 85.60110067368821, 86.31274314451086, 87.14180662301926, 88.0100104374229, 89.0027516842205, 90.23745137109782]}, "resnet50_pretrained": {"test_acc": [79.30298719772392, 79.57325746799421, 79.51635846372672, 79.55903271692728, 78.3783783783783, 76.62873399715502, 76.8421052631578, 79.11806543385487, 77.49644381223322, 79.01849217638681, 81.86344238975795, 81.69274537695573, 81.42247510668552, 81.1522048364153, 80.88193456614496, 80.48364153627297, 79.85775248933129, 78.84779516358452, 76.94167852062586, 79.04694167852057], "train_acc": [76.04903123764372, 79.54725187821356, 81.23052589956586, 82.37287465401448, 83.48675365757343, 84.1273230525912, 85.26255436931727, 85.68248319494015, 86.91340450771217, 87.29774614472299, 82.76077500988649, 83.83906682483331, 84.63977856860558, 85.64689600632805, 86.86397785686209, 88.00276789244924, 89.50454725187986, 91.08105970739618, 92.6824831949406, 94.07789640174153]}, "resnet18": {"test_acc": [73.27929465301479, 73.27929465301479, 73.27929465301479, 73.27929465301479, 73.25085324232083, 73.23663253697383, 73.23663253697383, 73.1797497155859, 73.20819112627987, 73.23663253697383, 73.27929465301479, 73.2650739476678, 73.25085324232083, 73.1797497155859, 73.1797497155859], "train_acc": [73.28968592845621, 73.49250403264065, 73.50673688205713, 73.50673688205713, 73.4996204573489, 73.50673688205713, 73.50673688205713, 73.51029509441122, 73.50673688205713, 73.50673688205713, 73.50673688205713, 73.50673688205713, 73.50673688205713, 73.50673688205713, 73.50673688205713]}, "resnet50": {"test_acc": [73.2650739476678, 73.27929465301479, 73.2650739476678, 73.27929465301479, 73.25085324232083, 73.19397042093287, 73.1797497155859, 73.27929465301479, 73.20819112627987, 73.12286689419795, 72.96643913538111, 72.95221843003414, 72.83845278725825, 72.85267349260523, 72.83845278725825], "train_acc": [72.71681373944396, 73.26833665433152, 73.40710693614194, 73.4498054843913, 73.471154758516, 73.49606224499477, 73.503178669703, 73.49606224499477, 73.48182939557833, 73.503178669703, 73.50673688205713, 73.50673688205713, 73.50673688205713, 73.50673688205713, 73.50673688205713]}}