{"resnet18_pretrained": 82.08191126279864, "resnet50_pretrained": 0.0, "resnet18": 73.27929465301479, "resnet50": 73.27929465301479, "resnet50_pretrained_save": 80.1846}