{"EEGNet_ReLU": 88.42592592592592, "EEGNet_LeakyReLU": 88.79629629629629, "EEGNet_ELU": 84.62962962962963, "DeepConvNet_ReLU": 80.0925925925926, "DeepConvNet_LeakyReLU": 80.46296296296296, "DeepConvNet_ELU": 79.35185185185185}